Year,PR
01/2019,0.1983333333333341
02/2019,0.2199999999999988
03/2019,0.2958333333333307
04/2019,0.3429166666666638
05/2019,0.0991666666666652
11/2023,
12/2023,
01/2024,
02/2024,
