Year,INF
09/2019,-0.1477272727272728
11/2019,-0.2153846153846154
10/2020,0.1304347826086958
10/2021,-0.009090909090909
11/2023,-0.0377358490566037
