Year,PR
12/2018,0.0
09/2019,-0.0247058823529412
11/2019,-0.0473263675476336
10/2020,0.0
10/2021,0.0179640718562874
11/2023,-0.1731266149870801
